京都・大阪・岡山 方面,,,,,,,,,,,,,,,,,,,,,,,,,,,,,,,,,,,,京都・大阪・岡山 方面
,,,,,"スーパー
はくと
2号",,"スーパー
いなば
2号",,"スーパー
はくと
4号",,"スーパー
いなば
4号","スーパー
はくと
6号",,,"スーパー
はくと
8号",,"スーパー
いなば
6号",,"スーパー
はくと
10号",,"スーパー
はくと
12号","スーパー
いなば
8号",,,"スーパー
はくと
14号",,,"スーパー
はくと
16号",,"スーパー
いなば
10号",,"スーパー
いなば
12号",,,,
倉吉,発,,,,604,,,,811,,,,,,1140,,,,1339,,1442,,,,1625,,,,,,,,,,,
鳥取 ,発,,,516,636,,702,719,852,800,1002,1046,,1105,1221,1232,1354,,1421,1435,1512,1625,,1520,1655,1705,,1840,1800,1858,1908,2039,2010,2211,,
郡 家,発,,,530,645,,710,737,901,828,1015,1055,,1120,1230,1250,1403,,1430,1450,1521,1634,,1554,1704,1724,,1849,1816,1909,1932,2048,2024,2230,,
智頭 ,着,,,558,703,,728,808,919,856,1032,1113,,1153,1248,1325,1421,,1448,1524,1544,1652,,1626,1722,1753,,1908,1846,1930,2005,2106,2055,2309,,
,,720D,722D,724D,,726D,,728D,,730D,,,732D,７３４D,,736D,,738D,,740D,,,742D,744D,,746D,748D,,750D,,752D,,754D,,,
智頭,発,,,603,707,,733,814,921,951,1034,1115,,1159,1250,1347,1422,,1450,1531,1546,1654,,1707,1724,1800,,1909,1942,1932,2022,2107,2123,,,
恋山形,発,,,610,↓,,↓,820,↓,1002,↓,↓,,1221,↓,1354,↓,,↓,1538,↓,↓,,1714,↓,1807,,↓,1948,↓,2031,↓,2137,,,
山郷,発,,,614,↓,,↓,824,↓,1006,↓,↓,,1225,↓,1358,↓,,↓,1542,↓,↓,,1718,↓,1811,,↓,1952,↓,2035,↓,2141,,,
あわくら,発,,,622,↓,,↓,832,↓,1021,↓,↓,,1245,↓,1406,↓,,↓,1600,↓,↓,,1726,↓,1819,,↓,2000,↓,2043,↓,2149,,,
西粟倉,発,,,626,↓,,↓,836,↓,1025,↓,↓,,1249,↓,1410,↓,,↓,1604,↓,↓,,1730,↓,1823,,↓,2004,↓,2047,↓,2153,,,
大原,着,,,630,721,,749,840,937,1029,1049,1135,,1253,1304,1414,1437,,1504,1608,1600,1710,,1734,1739,1827,,1923,2008,1948,2051,2123,2157,,,
大原,発,519,614,635,722,727,753,841,938,1029,1049,1136,1145,1253,1305,1415,1439,1516,1505,1608,1601,1710,1716,1750,1739,1830,1911,1924,2011,1948,,2124,,,,
宮本武蔵,発,522,617,638,↓,731,↓,844,↓,1033,↓,↓,1148,1257,↓,1418,↓,1519,↓,1612,↓,↓,1720,1753,↓,1833,1915,↓,2014,↓,,↓,,,,
石井,発,527,622,643,↓,735,↓,848,↓,1037,↓,↓,1153,1301,↓,1423,↓,1523,↓,1616,↓,↓,1725,1758,↓,1838,1919,↓,2019,↓,,↓,,,,
平福,発,532,627,648,↓,744,↓,853,↓,1042,↓,↓,1201,1306,↓,1432,↓,1528,↓,1621,↓,↓,1730,1803,↓,1852,1934,↓,2024,↓,,↓,,,,
佐用,着,537,632,653,733,750,804,858,948,1047,1100,1146,1206,1311,1315,1437,1450,1534,1516,1626,1611,1721,1735,1808,1750,1857,1939,1934,2029,1959,,2135,,,,
佐用,発,538,637,657,738,751,805,859,948,1048,1101,1147,1207,1320,1316,1438,1451,1536,1516,1629,1612,1722,1736,1816,1751,1857,1941,1935,2034,2000,,2135,,,,
久崎,発,543,646,702,↓,756,↓,911,↓,1059,↓,↓,1212,1325,↓,1447,↓,1541,↓,1634,↓,↓,1741,1821,↓,1902,1946,↓,2042,↓,,↓,,,,
河野原,発,548,651,707,↓,801,↓,916,↓,1115,↓,↓,1222,1330,↓,1502,↓,1546,↓,1639,↓,↓,1746,1838,↓,1907,1951,↓,2047,↓,,↓,,,,
苔縄,発,551,654,710,↓,805,↓,919,↓,1118,↓,↓,1226,1333,↓,1506,↓,1549,↓,1643,↓,↓,1749,1841,↓,1911,1954,↓,2051,↓,,↓,,,,
上郡,着,556,700,721,749,810,817,924,1001,1123,1112,1200,1231,1338,1327,1511,1503,1554,1527,1648,1628,1733,1754,1846,1802,1916,1959,1946,2103,2012,,2147,,,,
上郡,発,,,,751,,820,,1003,,1115,1202,,,1328,,1505,,1529,,1629,1736,,,1804,,,1947,,2014,,2149,,,,
岡山 ,着,,,,∥,,857,,∥,,1149,∥,,,∥,,1544,,∥,,∥,1811,,,∥,,,∥,,2049,,2224,,,,
姫路,着,,,,813,,,,1025,,,1224,,,1351,,,,1551,,1651,,,,1827,,,2009,,,,,,,,
明石,着,,,,844,土休日,,,1045,,,1245,,,1414,,,,1614,,1715,,,,1853,,,2030,,,,,,,,
三ノ宮,着,,,,859,900,,,1100,,,1300,,,1430,,,,1629,,1730,,,,1910,,,2045,,,,,,,,
大阪,着,,,,920,,,,1119,,,1319,,,1448,,,,1648,,1750,,,,1931,,,2104,,,,,,,,
新大阪,着,,,,,,,,,,,,,,,,,,,,,,,,1941,,,2112,,,,,,,,
京都 ,着,,,,,,,,,,,,,,,,,,,,,,,,2006,,,2137,,,,,,,,
,,,,,,,,,,,,,,,,,,,,,,,,,,,,,,,,,,,,
鳥取・倉吉 方面,,,,,,,,,,,,,,,,,,,,,,,,,,,,,,,,,,,,鳥取・倉吉 方面
,,,,,,,"スーパー
いなば
1号",,,"スーパー
はくと
1号","スーパー
いなば
3号",,,"スーパー
はくと
3号","スーパー
いなば
5号",,"スーパー
はくと
5号",,"スーパー
はくと
7号","スーパー
いなば
7号",,,"スーパー
はくと
9号",,,,"スーパー
いなば
9号",,"スーパー
はくと
11号",,,,"スーパー
はくと
13号","スーパー
いなば
11号",,"スーパー
はくと
15号"
京都,発,,,,,,,,,706,,,851,850,,,,,,,,,,,,,,,,,,,,,,
新大阪,発,,,,,,,,,731,,,,915,,,,,,,,,,,,,,,,,,,,,,
大  阪,発,,,,,,,,,738,,,925,926,,,1056,,1256,,,,1456,,,,,,1704,,,土休日,1906,,,2036
三ノ宮,発,,,,,,,,,757,,,943,944,,,1114,,1314,,,,1514,,,,,,1727,,,1927,1928,,,2057
明石,発,,,,,,,,,812,,,土休日,958,,,1128,,1328,,,,1528,,,,,,1743,,,1944,1945,,,2113
姫路,発,,,,,,,,,836,,,,1023,,,1153,,1353,,,,1553,,,,,,1807,,,,2011,,,2139
岡山,発,,,,,,646,,,∥,913,,,∥,1105,,∥,,∥,1401,,,∥,,,,1724,,∥,,,,∥,2019,,∥
上郡,着,,,,,,723,,,901,947,,,1046,1139,,1215,,1415,1436,,,1615,,,,1759,,1829,,,,2033,2053,,2202
,,721D,723D,,725D,727D,,729D,731D,,,,733D,,,735D,,737D,,,739D,741D,,743D,745D,747D,,749D,,751D,753D,755D,,,757D,
上郡,発,,,,632,712,725,751,850,902,950,,1027,1048,1142,1148,1216,1313,1416,1439,1450,1542,1616,1630,,1716,1803,1816,1831,1904,1947,2026,2034,2055,2129,2203
苔縄,発,,,,637,718,↓,757,855,↓,↓,,1033,↓,↓,1201,↓,1338,↓,↓,1510,1554,↓,1635,,1722,↓,1821,↓,1915,1959,2031,↓,↓,2134,↓
河野原,発,,,,641,733,↓,801,859,↓,↓,,1036,↓,↓,1204,↓,1342,↓,↓,1523,1557,↓,1639,,1729,↓,1826,↓,1919,2007,2047,↓,↓,2142,↓
久崎,発,,,,648,744,↓,809,904,↓,↓,,1041,↓,↓,1212,↓,1347,↓,↓,1528,1602,↓,1644,,1741,↓,1831,↓,1924,2012,2052,↓,↓,2147,↓
佐用,着,,,,653,750,737,814,910,913,1003,,1047,1100,1156,1218,1227,1352,1427,1450,1533,1607,1627,1649,,1746,1815,1837,1842,1930,2017,2057,2045,2107,2152,2214
佐用,発,,,,659,805,738,821,917,914,1004,,1048,1101,1157,1231,1227,1354,1427,1451,1536,1612,1627,1650,,1752,1816,1846,1842,1941,2018,2120,2045,2108,2153,2214
平福,発,,,,704,811,↓,826,922,↓,↓,,1109,↓,↓,1236,↓,1359,↓,↓,1541,1636,↓,1655,,1803,↓,1851,↓,1956,2024,2132,↓,↓,2158,↓
石井,発,,,,710,816,↓,832,928,↓,↓,,1115,↓,↓,1242,↓,1405,↓,↓,1547,1641,↓,1701,,1809,↓,1857,↓,2002,2030,2137,↓,↓,2204,↓
宮本武蔵,発,,,,715,821,↓,836,932,↓,↓,,1120,↓,↓,1247,↓,1410,↓,↓,1552,1646,↓,1705,,1814,↓,1901,↓,2007,2035,2142,↓,↓,2209,↓
大原,着,,,,718,824,751,840,936,925,1015,,1123,1112,1208,1250,1238,1413,1439,1503,1555,1649,1638,1709,,1817,1827,1905,1853,2010,2038,2145,2057,2120,2212,2226
大原,発,528,631,,727,,751,,938,925,1016,,1136,1113,1209,,1239,1417,1439,1505,1615,,1639,1710,1742,1834,1828,,1854,2011,,,2057,2124,,2226
西粟倉,発,533,636,,733,,↓,,943,↓,↓,,1141,↓,↓,,↓,1422,↓,↓,1620,,↓,1716,1747,1839,↓,,↓,2016,,,↓,↓,,↓
あわくら,発,538,641,,744,,↓,,948,↓,↓,,1147,↓,↓,,↓,1433,↓,↓,1625,,↓,1735,1752,1844,↓,,↓,2021,,,↓,↓,,↓
山郷,発,545,648,,751,,↓,,955,↓,↓,,1153,↓,↓,,↓,1439,↓,↓,1632,,↓,1741,1759,1850,↓,,↓,2027,,,↓,↓,,↓
恋山形,発,548,651,,754,,↓,,1001,↓,↓,,1212,↓,↓,,↓,1443,↓,↓,1636,,↓,1745,1807,1854,↓,,↓,2031,,,↓,↓,,↓
智頭 ,着,554,657,,800,,808,,1007,942,1031,,1218,1128,1224,,1300,1448,1500,1521,1642,,1654,1751,1813,1900,1844,,1908,2037,,,2117,2140,,2241
,,,,那岐6:50,,,,,,,,,,,,,,,,,,,,,↓,,,,,,,,,,,
智頭,発,616,,704,827,,809,,1009,944,1035,1155,1333,1130,1226,,1301,1556,1501,1525,1724,,1658,,1818,1938,1847,,1910,2153,,,2119,2142,,2243
郡家,着,644,,736,900,,827,,1039,1002,1054,1224,1402,1148,1249,,1320,1628,1520,1543,1756,,1723,,1849,2009,1908,,1928,2223,,,2138,2201,,2302
鳥取,着,701,米子9:16　　,759,918,,836,,1056,1012,1104,1245,1420,1158,1259,,1329,1649,1530,1552,1812,,1733,,1907,2038,1918,,1938,2242,,,2148,2210,,2311
倉吉,着,753,,,,,,,,1043,,,,1230,,,1405,,1605,,,,,,,,,,,,,,2219,,,
,,,,,,,,,,,,,,,,,,,,,,,,,,,,,,,,,,,,
